text,labels,id,anger,annoyance,confusion,gratitude,approval,neutral,escalation_risk,misunderstanding_risk,empathy_level
You think only a -couple- people use fgt hatefully?,[7],eempv12,0,0,0,0,0,0,10,42,22
I wish I could get a lazy Malinois. I love their look and Mal puppies are so cute! But Iâ€™m not a run-everyday dog owner.,"[8, 18]",ee8vzi8,0,0,0,0,0,0,5,0,20
Oh boy....,[27],edqkwjr,0,0,0,0,0,1,0,0,20
We can but no other person. Not a spouse or kids no one.,[27],ee8m3po,0,0,0,0,0,1,15,0,20
This is why im happy [NAME] is our owner. I donâ€™t see him being a cheapskate,[17],eewmgt0,0,0,0,0,0,0,10,0,20
That was very interesting. Thanks for effort to write this up!,"[0, 15]",edgvtrr,0,0,0,1,0,0,5,0,32
Ugh. Sounds awful. Iâ€™m sorry :(,[24],ee33kkm,0,0,0,0,0,0,0,0,20
I never will understand the reasoning behind puking in a toilet... Perfectly good bucket right there.,"[0, 6]",eejxksu,0,0,1,0,0,0,15,0,20
i think you misunderstood my comment. [NAME] over [NAME] any day,[27],eeea1x2,0,0,0,0,0,1,20,0,20
Good looking calamari.,[0],edmvozh,0,0,0,0,0,0,0,0,20
Wow. This would suck,[1],eewi5ua,0,0,0,0,0,0,0,0,20
Lol you're an idiot.,[1],ed2wx1f,0,0,0,0,0,0,35,0,20
Must be nice,[20],eepeofh,0,0,0,0,0,0,0,0,20
"Spoiler: I think they mean me, even though I would hope that is literally the opposite of what my comments have been doing. ",[20],eesje43,0,0,0,0,0,0,0,0,20
Let me just say that your posts over the past twelve days have brought me so much joy,[17],edjs1h7,0,0,0,0,0,0,0,0,20
Is this Dragon Age style?,[7],edirex6,0,0,0,0,0,0,5,6,22
Thank you for reminding me!,[15],edev2km,0,0,0,1,0,0,10,0,32
Oh holy heck :/,[27],eezr0f2,0,0,0,0,0,1,0,0,20
[RELIGION] Match all the way! I met the love of my life :-),[18],ef0uk1o,0,0,0,0,0,0,15,0,20
Might not have fallen if little miss [NAME] didnâ€™t have to pull her skirt back.,[24],eemgmjd,0,0,0,0,0,0,10,0,20
Indescribably beautiful.,[0],ednjaqo,0,0,0,0,0,0,0,0,20
"Please, stop",[27],eewmg7x,0,0,0,0,0,1,0,0,20
That first fall was clearly the universe trying to save her from losing her face.,[27],eeis3li,0,0,0,0,0,1,0,24,20
[NAME] would've had to get lucky on that one. Can't give up that opportunity.,[10],eeezcc7,0,0,0,0,0,0,10,0,20
Would love to have him come back to the organization in some way. GOAT.,[18],eduinw7,0,0,0,0,0,0,10,0,20
The sweeter it is,[27],eee88eo,0,0,0,0,0,1,0,0,20
or a matter of position you choose!,[27],ef22539,0,0,0,0,0,1,10,0,20
Everybody betrayed [NAME] [NAME]. I'm fed up with this world.,[11],efg2qtc,0,0,0,0,0,0,20,0,20
Is this cronometer? Thanks.,[15],eduy8mj,0,0,0,1,0,0,5,6,34
"I'm curious though, will they upvote it to own the ~~libs~~ [NAME]?",[7],ee0wtbn,0,0,0,0,0,0,15,6,22
"Do you want us to return to mediocrity? Why even put that idea out there, man? Trading away our franchise player like that.",[27],ef6gwca,0,0,0,0,0,1,15,12,24
"Wow im glad my uncle is dead , this sounds crazy .","[17, 26]",edvlq7v,0,0,0,0,0,0,20,0,20
"No, that isn't possible. Discord hosts the call, which means any attempt at using wireshark would just show Discord's information, not yours.",[10],efd6fvz,0,0,0,0,0,0,0,0,20
"If he's telling the truth, he wont' get fired for this. Because he's too essential.",[27],edbn5zb,0,0,0,0,0,1,0,0,20
Best comment ever,[0],ee2gema,0,0,0,0,0,0,0,0,20
You should tell the bison in Yellowstone they aren't really wild animals.,[27],eew838h,0,0,0,0,0,1,5,0,20
He sounds like one of those 'no means yes' guys.... Glad you got away unscathed.,[27],eei7nw0,0,0,0,0,0,1,5,0,20
So jealous lol we don't get to enjoy in TN :(,"[1, 9]",eemlsrd,0,0,0,0,0,0,10,0,20
"Hopefully ""new games"" doesn't mean ""new ways to put money into other things besides our main games.""",[20],eedf981,0,0,0,0,0,0,0,0,20
43% on a one bedroom apartment (with a nice large balcony) in Potts Point. Sucks to be single.,[9],eddbcar,0,0,0,0,0,0,0,0,20
happy cake day!,[13],efb2c3u,0,0,0,0,0,0,5,0,20
100%. She's made herself vulnerable to being sued by a few people.,[4],ee4zp6t,0,0,0,0,1,0,0,0,20
That's me too! I even try to avoid trailers since they reveal too much these days.,[27],eev42fc,0,0,0,0,0,1,5,0,20
"*""Wow""*",[17],edprirt,0,0,0,0,0,0,0,0,20
Gentile is a perfectly fine term (not as coopted ironically by the white supremacists). Do you disagree?,[7],ee1bknu,0,0,0,0,0,0,20,6,22
"I review you - *clap clap* - [NAME], bye bitch, gone",[2],efcft6l,1,0,0,0,0,0,10,0,20
Then go in loud. I did that my first playthrough,[21],eelhchz,0,0,0,0,0,0,0,0,20
That's a great dream. I love how your inner voice of him came out. It feels right on.,"[0, 18]",ee9sbwt,0,0,0,0,0,0,0,0,20
You were used as a weapon to inflict pain on your father. Glad you reconnected and found a good parent.,[17],efckwv5,0,0,0,0,0,0,10,0,20
"[NAME] was arrested for lying and obstruction, to FBI not collusion, calm down lmao ",[27],eexfvfr,0,0,0,0,0,1,20,0,20
His reaction makes it seem like a training video,[27],ed5pcqr,0,0,0,0,0,1,0,0,20
"As someone who just drunkenly told his boss what everyone else said about him behind his back, I can agree. ",[4],ee8eyie,0,0,0,0,1,0,15,0,20
"Yawning at the insults to me, not the Woman",[3],edb0vp3,0,1,0,0,0,0,0,0,20
My thoughts exactly. Love me some malicious compliance.,[4],edfgcc6,0,0,0,0,1,0,0,0,20
I read it as him taking her virginity. Raping her...unless it was consensual and she WANTED to lose it.,[11],ed2s60s,0,0,0,0,0,0,10,0,20
"Weirdly I never heard of this show till I saw it on the RTE player this morning, and now this post... Maybe its a sign? ",[6],eex3eiu,0,0,1,0,0,0,20,6,22
ur mom is in purgatory xd,[27],eeyi6ki,0,0,0,0,0,1,0,0,20
"Thanks, this means a lot! I will do don't worry :)",[15],eefzz06,0,0,0,1,0,0,5,0,32
Indeed. I've had an eye removed and what you described is accurate.,[4],eebub4w,0,0,0,0,1,0,0,0,20
Have you tried finding other communities to join? Now I know ex-[RELIGION] communities are not that common but just non-religious communities should be rather commen right?,[7],ed3zuxc,0,0,0,0,0,0,20,12,24
First and foremost you have to Love YOURSELF!!,[18],ed13ax3,0,0,0,0,0,0,25,0,20
Nope. A mamzer is someone who was born from an adulterous affair between two [NAME]. You're 100% [NAME] though!,[27],eeob6ym,0,0,0,0,0,1,30,0,32
The workers are going hoooome,[27],eea7i6f,0,0,0,0,0,1,0,0,20
"The intro in that video looks like a sand storm on there, imagine a sand storm while playing GA on that map, it would be awesome!",[13],ef1aucl,0,0,0,0,0,0,5,0,20
Is this news? I don't feel like this is news.,[27],edwciq5,0,0,0,0,0,1,5,6,22
People are idiots....sheep don't magically become independent thinkers just because their food source changes,[3],eersrrt,0,1,0,0,0,0,0,0,20
Thank you! Don't be afraid to stand up for yourself otherwise you'll ended up in your late 30s exhausted and unhappy!,"[15, 25]",ed2y1ey,0,0,0,1,0,0,20,0,32
Just got my seats a couple of days ago!,"[13, 27]",ee7tn66,0,0,0,0,0,1,5,0,20
Well that was disheartening.,[25],eelk9fc,0,0,0,0,0,0,0,0,20
Thanks. I want to travel the world but have no reasonable way of affording it.,[15],ed0k0sn,0,0,0,1,0,0,0,0,32
you got me for a sec. I was like wow.. that's kind of a weird thing to find h-ohhhh damnit! got me. XD,[13],ed8jhrn,0,0,0,0,0,0,25,0,20
A walker kid hanging from a basketball hoop [NAME]: [Visible Concern],[27],eddtjwz,0,0,0,0,0,1,10,0,20
Konami?! They havent made a relevant or decent game since the 90s.,[10],ee48de5,0,0,0,0,0,0,10,6,22
Sonofabitch that makes it so much better [NAME] Edit: you talking about this?,"[1, 4]",eent1q1,0,0,0,0,1,0,20,6,22
Poor fish :(,[25],ed1v0xk,0,0,0,0,0,0,0,0,20
I visibly recoiled from that.,"[14, 27]",edsj9jg,0,0,0,0,0,1,0,0,20
I canâ€™t stand anything about her yet. Nothing.,[10],eecb68n,0,0,0,0,0,0,15,0,20
I did not know that a map could arouse me,[22],edt05r3,0,0,0,0,0,0,0,0,20
People are barbaric even though they are peaceful? Youâ€™re not making any sense.,"[3, 10]",eczj3ra,0,1,0,0,0,0,10,6,22
Tf happened to him? You just said thanks LOL,[15],een48ez,0,0,0,1,0,0,20,42,34
Ahem....Repost Alert!,[27],eeutxsu,0,0,0,0,0,1,5,0,20
Actually if they formally organize in any way then they face discrimination charges for not including enough ethnic/ religious minorities.,[27],ed68154,0,0,0,0,0,1,0,0,20
No. Itâ€™s not. This is disgusting behavior and anyone who supports it is a fool.,[11],eezrkgb,0,0,0,0,0,0,0,0,20
Is that listing not supposed to be a joke?,[6],ed17nps,0,0,1,0,0,0,5,6,22
"So, you get yo keep the LLR and lose your house/money/car instead? ",[7],eeqiaw0,0,0,0,0,0,0,10,6,22
Not this time,[3],edriany,0,1,0,0,0,0,0,0,20
"I liked [NAME] too, but I'll take [NAME] over him 10 times out of 10.",[0],ee3b45l,0,0,0,0,0,0,20,0,20
I TOO AM HUMAN AND I SENSE A JOKE HA YES I AGREE WITH YOIR LEVEL OF ABSTRACTION.,[4],eeceoq4,0,0,0,0,1,0,30,0,20
The super bowl isnt played in march my man,"[10, 27]",ef4qij4,0,0,0,0,0,1,0,0,20
"I nailed that one on house boats, did you?",[27],ee2gh67,0,0,0,0,0,1,5,6,22
Fucking Real Madrid,[2],ed6kuh3,1,0,0,0,0,0,0,0,20
Imagine being so good that you get demoted to AAA because it's unfair for the rest of the players in MLB,[27],edaaz03,0,0,0,0,0,1,5,0,32
"Had a great time playing overwatch, but only *some* of us were getting too drunk for everyone's entertainment >.>","[1, 17]",ed1dkgp,0,0,0,0,0,0,15,0,20
Nope. Mac fix+ matte and Body Shop mattifying tea tree spray are the only ones that help my makeup.,[27],ed1fgn5,0,0,0,0,0,1,0,0,20
My jaw dropped,[27],ed2mksn,0,0,0,0,0,1,0,0,20
"And PenFed, IIRC, will let you pay a $15 charity donation bribe to get in if you're not otherwise eligible. ",[27],ef7qdnd,0,0,0,0,0,1,20,0,20
Yeah buh idk. Iâ€™d have to be really horny too and Iâ€™m really shy and anxious around him.,[13],efe3uf0,0,0,0,0,0,0,0,0,20
"Yeah, that was all you though. Goodnight and happy new year ",[15],ed0cuu4,0,0,0,1,0,0,5,0,20
"Oh you hunt deer, Iâ€™m white I hunt n words",[27],eee05vf,0,0,0,0,0,1,0,0,20
You got shafted.,"[0, 27]",eetnoud,0,0,0,0,0,1,5,0,20
Can someone like link me to the picture iâ€™ve been trying to find it,[7],edytdon,0,0,0,0,0,0,0,0,20
/s right?,[27],edya1ne,0,0,0,0,0,1,5,6,22
"I was never a huge fan of her, but if they replaced [NAME] with her that would be the best thing to ever happen to this show.",[0],ef59mep,0,0,0,0,0,0,25,0,20
"Peace and love, my brother!",[18],eead56i,0,0,0,0,0,0,5,0,20
That sucks. You could start one yourself if you like.,[3],ed9egj0,0,1,0,0,0,0,10,0,20
Wow. I hope that asst manager will be looking for a new job soon.,[3],efdso4k,0,1,0,0,0,0,0,0,20
"That's ironic. Because [NAME] isn't getting the Wall funded, we are pulling more resources off the border blockade effort?",[27],eellsi5,0,0,0,0,0,1,15,6,22
"Dude was okay?! Oh thank god, i figured at best paralyzed from the waist down",[23],ed72i91,0,0,0,0,0,0,10,6,22
Bullying impacts brain,[27],edu79no,0,0,0,0,0,1,0,0,20
"I can't stop staring at ""[NAME]"". ",[0],eezbkyh,0,0,0,0,0,0,10,0,20
This is pretty funny. Iâ€™ve known dozens of people who fall into all of those stereotypes.,[1],edf3yop,0,0,0,0,0,0,0,0,20
What does his family say? Grandparents? Has he seen a doctor?,[27],ef26km3,0,0,0,0,0,1,15,18,26
"Out of curiosity, what will he be working on and how is it different from your role?",[7],ee1vhlc,0,0,0,0,0,0,5,6,22
I donâ€™t think [NAME] knocking us out of the copa would change anything. Our team is incredibly lethargic.,"[9, 10]",ee81jna,0,0,0,0,0,0,10,0,20
Relevant:,[27],eefyqot,0,0,0,0,0,1,0,0,20
Thank you for the explanation! ðŸ¦ˆ,[15],edqyqnc,0,0,0,1,0,0,10,0,32
Youâ€™ll have to take it up with my good friend [NAME],[27],edrgand,0,0,0,0,0,1,15,0,20
can you send the patch notes? i cant ever find them online.,"[7, 27]",eev8p87,0,0,0,0,0,1,5,6,22
should've rolled into battle with a sword brad. that would have fuckin' rocked,"[2, 27]",edab1l1,1,0,0,0,0,1,0,0,20
Thats the problem you have with this? Mule kick in zombies has exactly what he wants xD,"[7, 8]",eeet1rt,0,0,0,0,0,0,10,6,22
So what? The LW doesn't. want. more. children.,[3],eep58aj,0,1,0,0,0,0,5,6,22
The show paid for [NAME] surprise trip didn't they?,"[7, 26]",eel7djq,0,0,0,0,0,0,15,6,22
100% this is enough to make me want to watch,[4],ee7zzva,0,0,0,0,1,0,0,0,20
Cespedes is likely not coming back this year,[27],edbq4mp,0,0,0,0,0,1,0,0,20
Thank you. Very very much,[15],ee1byj4,0,0,0,1,0,0,5,0,32
oh my gooooood,[26],ednzlou,0,0,0,0,0,0,0,0,20
A big ole pot of chili! And cornbread muffins. Also planning to brew some kombucha.,[27],efd1wt7,0,0,0,0,0,1,5,0,20
Or just simply hinting at it. All in fun though,[1],ee607z9,0,0,0,0,0,0,0,0,20
"That face screams ""Fucking gods, do I have to do *everything* around here?""",[3],eei49t8,0,1,0,0,0,0,5,6,22
"Thanks dude. Wish you the best with OP, personally I'm done.","[5, 15]",eeees1l,0,0,0,1,0,0,0,0,32
"Yeah, I was like ""man I love [NAME] so much but [NAME] is also amazing and good""",[18],edstpg9,0,0,0,0,0,0,20,0,20
"The TV anime series is, at least, atrociously bad and stupid. Is full of deus ex and silly cliffhangers.",[9],eer8neb,0,0,0,0,0,0,20,0,20
I just hope [NAME] isn't pulling the wagon. Would hate for her to throw up.,[20],efbrrbr,0,0,0,0,0,0,10,0,20
This is me and my wife. She squeals with delight whenever it snows and I start looking for property in Arizona.,[27],eeagckg,0,0,0,0,0,1,15,0,20
Ditto this. Happy hour after work is nice and low-commitment.,[17],ee22jbr,0,0,0,0,0,0,0,0,20
"I thought it was his nose sliced off, got confused when I didnt see any blood",[6],eeaicp9,0,0,1,0,0,0,0,0,20
how do you think money is created? it is largely controlled by the government and is distributed to create certain results in our society.,[7],edjk7b8,0,0,0,0,0,0,10,42,22
"Despite what you may feel about me, Iâ€™m happy you got that off your chest, I hope you feel better!",[20],edc3f2k,0,0,0,0,0,0,10,0,20
Treat your wife like gold. Feed her well. Rub her feet. Repeat.,"[5, 18]",ef7qz2m,0,0,0,0,0,0,0,0,20
Haha Iâ€™ll try and avoid it. Nowhere currently on my list is in Alabama,[1],eegvjdr,0,0,0,0,0,0,0,0,20
Yeah I have no sympathy for them.,"[2, 4]",edq34x1,1,0,0,0,1,0,0,0,20
I'm so delighted that my boyfriend has found this community.,[17],ed39l0t,0,0,0,0,0,0,0,0,20
What the fuck is [NAME] doing in the background,[2],ee5y25d,1,0,0,0,0,0,10,0,20
"This, be yourself she likes you for who you are.",[18],eec4ewd,0,0,0,0,0,0,10,0,20
That's because: Emotion = Reality,"[22, 27]",edmkp9k,0,0,0,0,0,1,0,0,20
Double your fun with Double Mint,[27],edlbxl7,0,0,0,0,0,1,0,0,20
>@teamYouTube ok and thanks,[15],efej13y,0,0,0,1,0,0,0,0,32
"ha, hardly. maybe the biggest city. Russia is fucking huge.",[4],eexurml,0,0,0,0,1,0,0,0,20
"Wow, hearing him swear, thats gonna be something ",[26],ee5k84a,0,0,0,0,0,0,0,0,20
"[NAME] i've ever seen, nice to see that money doesn't ruin a good marriage",[4],ee7qzgi,0,0,0,0,1,0,10,0,20
The comments made by [NAME] to Truth on Smackdown about [NAME] makes me really think [NAME] has an outside chance at the win,[22],ef3kalu,0,0,0,0,0,0,30,0,20
What dose are you taking and how long did it take to help? I've been trying the Lazarus 50mg/ml. Not seeing any obvious improvement so far.,[9],eewfryk,0,0,0,0,0,0,5,6,22
"Yea thats high and here I loaned my brother 5 quid interest free for. A year, 3 yrs ago havent heard a beep about return. ",[27],eenjfr8,0,0,0,0,0,1,0,0,20
"You are such a good boyfriend, keep it up!! Iâ€™m jealous :)",[0],ef8x96j,0,0,0,0,0,0,10,0,20
Iâ€™m Asian...and the first thing bullies go for are the eyes. No one ever cares that I have black hair.,[27],ee1eoz6,0,0,0,0,0,1,15,0,20
I'm fucking starving here.,[2],eeewpou,1,0,0,0,0,0,0,0,20
"No, stop! He'll stop cranking the job machine if you insult him again!",[2],efh7whe,1,0,0,0,0,0,15,12,20
Oh to be able to leave the house at night (I have a kid),[27],eeb4jw8,0,0,0,0,0,1,0,0,20
My nuts hurt watching that second part,[25],eevgxuk,0,0,0,0,0,0,0,0,20
"Letâ€™s go [NAME], prove everyone wrong.",[10],edfmwdy,0,0,0,0,0,0,25,0,20
It means she likes it when you do that thing.,[27],eeyh1cy,0,0,0,0,0,1,5,0,20
"Now let's sit down, relax, and have a nice cool glass of turnip juice.",[23],ed2jc51,0,0,0,0,0,0,0,0,20
You have plenty of time. Forget about women for now. Focus on improving your status by getting a good education.,[27],ed21g9d,0,0,0,0,0,1,5,0,20
"Eh, that can happen anywhere. It isn't exclusive to Dallas where that stuff happens. Good luck tho.",[4],edzsyk7,0,0,0,0,1,0,0,0,20
"Well, that depends on what you mean by cwisis.",[27],efblksq,0,0,0,0,0,1,5,0,20
I always thought of the sound of lakes freezing on cold nights. It's pretty surreal in itself.,[17],edkqhj1,0,0,0,0,0,0,15,0,20
"thanks mate! yes, will buy some protein shakes today.. fucking expensive but better than starving i guess",[15],ed4n9mh,0,0,0,1,0,0,5,24,32
Love the way his body just folds after the final smack on his head *oof*,[18],edebf9q,0,0,0,0,0,0,0,0,20
Another deluded soul who has been caught up in a depraved world.....,[27],ee8zohg,0,0,0,0,0,1,0,0,20
So his aunt? I think I followed that.,[4],edihdga,0,0,0,0,1,0,5,6,22
"Siri ""calling mom would be sad""",[27],eexj956,0,0,0,0,0,1,0,0,20
Iâ€™m sorry to hear this. Unfortunately online dating is trying to find the bits of gold in a pile of pyrite,[24],ee18zlk,0,0,0,0,0,0,0,0,20
Anyone with a mirror?,[7],ee9j941,0,0,0,0,0,0,5,6,22
I know. I get that a lot.,[27],ef8656a,0,0,0,0,0,1,0,0,20
N00b account tosses insults - how surprising.,[26],efe3rqr,0,0,0,0,0,0,0,0,20
Alice In Chains and Metallica are still releasing quality music!,[27],ee3ctts,0,0,0,0,0,1,5,0,20
Sounds like he dodged a bullet. Youâ€™re kinda dumb.,[3],eejrwhw,0,1,0,0,0,0,25,0,20
I would choose to go in the coolest way possible. Donâ€™t know what that would be but I would want my last moments to be memorable.,"[8, 20]",eeu22fs,0,0,0,0,0,0,0,0,20
"My daughter loves this! She's taking a bath rn singing ""fiire""",[18],ednhpsd,0,0,0,0,0,0,5,0,20
radical would be good. Poverty has to be erased before society is allowed to maximize individual wealth as it is doing now.,[0],eeatvza,0,0,0,0,0,0,0,12,20
Happy cake day!,[17],ee6sszn,0,0,0,0,0,0,5,0,20
Thanks. 22-23 is about when Chabad bochurim tend to do semichah. And it's officially always done before marriage.,[15],ee5xr97,0,0,0,1,0,0,15,12,32
What about the small percentage that would?,[7],edy6bov,0,0,0,0,0,0,5,6,22
lol you are 18 and a female. You'll surely find someone,"[1, 5]",eem80m1,0,0,0,0,0,0,20,0,20
"This is not surprising at all. She's a fake trendy ""feminist"" with no perspective whatsoever.",[10],ee7w04m,0,0,0,0,0,0,0,0,20
Or SFO. The only one that comes close is SEA and itâ€™s a looooot smaller.,[27],eenoy44,0,0,0,0,0,1,0,0,20
Well this is frustrating.,"[2, 3]",edcl0uj,1,1,0,0,0,0,0,0,20
Wooah :o Didn't know [NAME] had a son xD,[26],ee32dpl,0,0,0,0,0,0,10,0,20
Downvoting comments you don't like is your right.,[27],ed62dkv,0,0,0,0,0,1,5,0,20
Shai-Hulud! Bless the maker and his water,[5],ef60k3o,0,0,0,0,0,0,5,0,20
ITT: â€œlol buzzfeedâ€ even though Buzzfeed News is a completely different entity,[1],eedur4c,0,0,0,0,0,0,10,0,20
You are wrong.,[10],eehcwep,0,0,0,0,0,0,5,0,20
Mercy and clique I understand but creepers is one of my [NAME] songs,[27],ee8mhg7,0,0,0,0,0,1,10,0,32
Mustâ€™ve gotten it the wrong way round because he moves like a spry 82 yr old,[22],eeql575,0,0,0,0,0,0,0,0,20
Whatâ€™s worse is that the judge and businessman are old college buds.,"[3, 9]",efe7zhq,0,1,0,0,0,0,0,0,20
Tbf he's not a dictator... Yet...,[27],edelhql,0,0,0,0,0,1,0,0,20
Nobody has the money to. What a joke,"[17, 27]",edmqqvl,0,0,0,0,0,1,15,0,20
I mean I like the park and I was surprised by that poll too,[26],edr8ssa,0,0,0,0,0,0,0,0,20
TL;DR No more Superbowls for [NAME]. Get ready for another winning season that ends in disappointment.,[9],eczb4bm,0,0,0,0,0,0,10,0,20
Can you freak bitchhhhh,[2],ee8jmqf,1,0,0,0,0,0,5,0,20
"If his seat was vacant, would there be a special election in 2020 if it happened soon? Not wishing him dead or whatever.",[7],eewwbn3,0,0,0,0,0,0,15,6,22
"""Sigh"" I thought you were better than this I thought we were over this but no you just had to do it ""Upvotes angrily""",[2],eed76rs,1,0,0,0,0,0,0,36,20
Someone just needs a hug,[5],eddnoo5,0,0,0,0,0,0,0,0,20
Is that at Beachtown?,[7],eczptkv,0,0,0,0,0,0,5,6,22
"Agreed. 52k isnâ€™t a high paying job, itâ€™s average. He probably is just irresponsible with his money. ",[4],ed1vm4f,0,0,0,0,1,0,0,0,20
"Yes, he's really pushing the Devils to new heights.",[4],efgacry,0,0,0,0,1,0,0,0,20
That's really interesting. How come?,"[7, 13]",effqlk1,0,0,0,0,0,0,5,6,22
You can only nominate one unit and said unit has to be one that wasn't already nominated,[27],edqkm3j,0,0,0,0,0,1,5,0,20
I've done my part.,[27],ed1t326,0,0,0,0,0,1,0,0,20
"I bet you thatâ€™s what will happen, which pisses me off.","[2, 19]",eeixaqu,1,0,0,0,0,0,0,0,20
"The sick stomach feeling should pass in an hour or two, good luck friend!",[5],eer7hdx,0,0,0,0,0,0,5,0,20
And KAT with 6. Weird game.,"[11, 12]",ef5ef5e,0,0,0,0,0,0,20,0,20
That was the most boring movie Iâ€™ve ever seen,"[9, 10]",efeftv3,0,0,0,0,0,0,0,0,20
thats one impressive car!!,[0],efgoig0,0,0,0,0,0,0,10,0,20
Low ^hanging ^^fruit,[27],ed3gpnx,0,0,0,0,0,1,0,0,20
Somewhere in Ohiooooooooo*,[27],edzx8zy,0,0,0,0,0,1,0,0,20
"Oh that also would have been good. Plus, breaking pottery is so satisfying","[4, 20]",edw704d,0,0,0,0,1,0,0,0,20
"LOL, that made me chuckle. Have a good one, [NAME]! ",[1],eda39j9,0,0,0,0,0,0,25,0,20
Now give me a LPT to stop getting mail from the old tenants of my apartment,[27],eela0q0,0,0,0,0,0,1,0,0,20
great reference my friend,[0],eexv31e,0,0,0,0,0,0,0,0,20
Death approaches! -[NAME] 2013 (I think),"[16, 27]",efh6kx0,0,0,0,0,0,1,15,0,20
They can stay but not become citizens.,[27],ed2oeg9,0,0,0,0,0,1,0,0,20
Donâ€™t let the bastards grind you down. Iâ€™m so sorry for this experience. No one deserves to be treated that way.,"[5, 9]",eet41r2,0,0,0,0,0,0,15,0,20
"First, in war First, in peace First, in sexually transmitted infections",[27],eedeikh,0,0,0,0,0,1,0,0,20
Dude nice catch lol,[1],eet3icg,0,0,0,0,0,0,10,0,20
" Best number! [NAME], [NAME], [NAME]",[0],ee2s5yy,0,0,0,0,0,0,35,0,20
We have had luck with a ok to wake clock for quiet time! May be worth a shot.,[20],ee8fx0q,0,0,0,0,0,0,5,0,20
Bomb on your chest Do not try this at home,[10],eemp2jr,0,0,0,0,0,0,0,0,20
Are you invited to get birthday tho?,"[7, 27]",ed5hxul,0,0,0,0,0,1,10,6,22
Emotional roller coaster,[27],eczo8u6,0,0,0,0,0,1,0,0,20
Watched that game in a motel on the outskirts of Albuquerque. Quietly went nuts when he scored that goal,[27],efgmow1,0,0,0,0,0,1,0,0,20
Meritocracy ftw!,[27],edrad7c,0,0,0,0,0,1,5,0,20
I want to know what goes through someone's mind when they do this.,[27],eey7pki,0,0,0,0,0,1,0,0,20
This is exactly what I was looking for! Thank you so much!,[15],eepstjs,0,0,0,1,0,0,10,0,32
Massive overlap. I have been vegan for 10 years and anti birth around the same time for the reasons you note.,[27],ef08ojl,0,0,0,0,0,1,0,0,20
Then when you dropped them that was it for youth group cred for the night. Lol,[1],eehy6p4,0,0,0,0,0,0,15,0,20
Thank you !,[15],ee1mwuo,0,0,0,1,0,0,10,0,32
It was when oil prices were higher. Itâ€™s primary export is petrol and the market slumping is hurting,[27],ef1gu6z,0,0,0,0,0,1,0,0,20
"yep. Sucks don't it? You can't do anything about it now, and nobody cares. ",[9],eenyrv0,0,0,0,0,0,0,25,6,22
Australia... Nooooooooooo!,[10],efcm05v,0,0,0,0,0,0,5,0,20
I like were ur head is.,[18],edtapvj,0,0,0,0,0,0,0,0,20
"At this point, itâ€™s certain that GA isnâ€™t happening. ",[9],edlql3n,0,0,0,0,0,0,0,0,20
This was literally the first examole that came to mind for me hahaha,[1],eew5e2t,0,0,0,0,0,0,0,0,20
I would but they don't make anything that fits my needs.,[9],ecztmlp,0,0,0,0,0,0,0,0,20
I am but not till this year is over because we already paid for it,[27],ed3y0bd,0,0,0,0,0,1,0,0,20
">you said that other-country feminists cared about poor women and American feminists didn't Kali... you know I didn't, more or mostly does not mean all..",[27],ef04i3y,0,0,0,0,0,1,5,0,20
Hm why are there age restrictions on the sex toys? :P,[7],edsgtil,0,0,0,0,0,0,5,6,22
"Youâ€™re a damn good grandma, good wishes for your grandson and good luck!","[0, 5]",efb8xlf,0,0,0,0,0,0,10,0,20
Seriously? Where the fuck did that sink come from?,"[6, 7]",ed23ex1,0,0,1,0,0,0,10,12,24
Hell yeah if it were me I would be cheesing ear to ear!,[27],edrs9r1,0,0,0,0,0,1,5,0,20
The nurse will arrive with your meds shortly.,[27],ee9nz25,0,0,0,0,0,1,0,0,20
It looks like it may be some type of munchkin cat since it has short legs,[7],edxuw6x,0,0,0,0,0,0,0,0,20
"hahaha, this is great. We need more anarchist jokes.","[0, 17]",eeymbec,0,0,0,0,0,0,0,0,20
Thatâ€™s awesome man!,[17],eedwnkq,0,0,0,0,0,0,5,0,20
"Same, these are awesome!",[0],edwdp0x,0,0,0,0,0,0,5,0,20
Well no dur,[3],efbtooi,0,1,0,0,0,0,0,0,20
"+1 Thought I had depression, turns out I just wasnâ€™t being happy enough! Whoâ€™da thunk it.","[17, 25]",edj326i,0,0,0,0,0,0,5,0,20
"I also got this on a different account, but I have no clue why! Does anyone know?",[6],edyggtv,0,0,1,0,0,0,10,6,22
Ahahahahahaha!!,[1],ed4db82,0,0,0,0,0,0,10,0,20
Gimmie the glove hand,[27],ef4b66m,0,0,0,0,0,1,0,0,20
I thought I was done enjoying the Saints loss but this brought me right back. Great find!,[0],eeym5bf,0,0,0,0,0,0,5,0,20
Oh wow. Gotta visit it one day.,[13],edm4a1l,0,0,0,0,0,0,0,0,20
[NAME] looked bad pre release. Post release she was touched up and tweaked. Relax.,[27],eebg4ii,0,0,0,0,0,1,10,0,20
Not to mention there was a HUGE EXPLOSION only moments ago. The whole area could've been rigged with bombs for all they knew.,[27],ef5uwh3,0,0,0,0,0,1,20,0,20
What about urban [NAME] supporters who are socially liberal and want to see tax dollars used efficiently?,[7],ef8urs6,0,0,0,0,0,0,15,6,22
This is turtle thing,[27],edqwp6f,0,0,0,0,0,1,0,0,20
"That's exactly what it was modelled on, MTV show as well. The pun was just begging to made so they did ",[27],ef1lcto,0,0,0,0,0,1,0,0,20
Fucking love my pixel 2 ended up hating every Apple device I owned,[18],eeu0pbv,0,0,0,0,0,0,0,0,20
"Just one or two, but it is hard since so few transphobes *have* souls.",[27],ef7tkqu,0,0,0,0,0,1,0,0,20
You do know trans men exist right? Completely destroying your argument,[27],efdooax,0,0,0,0,0,1,10,6,22
No steel toe boots either. Amateurs. If the owner made his cooks do this instead of proper contractors he deserves a workers comp claim.,[3],edlff90,0,1,0,0,0,0,0,0,20
"This feels more like ""Lofi Rock"" if that exists, or even Jazz. Very interesting.",[17],ed4l5sx,0,0,0,0,0,0,0,0,20
It's a troll. Look at the history.,[1],ed8cuiv,0,0,0,0,0,0,0,0,20
I wish [NAME] was fit enough to be fourth choice.,[8],eex2qvh,0,0,0,0,0,0,10,0,20
I would also like to know the answer to this. Thanks for posting!,[15],ed6siiq,0,0,0,1,0,0,5,0,32
Ha. How funny He's the only geezer who thinks he's madness.,[1],edjzdy4,0,0,0,0,0,0,0,0,20
You need to talk to her openly about this... without shaming her. Sheâ€™s being open and honest with you. Your turn.,[5],ed2dkl8,0,0,0,0,0,0,10,0,20
"I think the best way to think of the age is that [NAME] is 17, [NAME] is 19 and [NAME] is 20.",[27],eed6b5e,0,0,0,0,0,1,30,0,20
Downvoted despite posting facts; even the self-proclaimed moderate subs canâ€™t help but be partisan.,[27],eeoocom,0,0,0,0,0,1,0,0,20
Donâ€™t worry I did not disappoint your mother,[5],ef8s7pv,0,0,0,0,0,0,0,0,20
Thatâ€™s crazy. Depending of the state youâ€™d effectively be obligated to work for that employer.,[0],eem70lt,0,0,0,0,0,0,25,0,20
[NAME] was injured going into that game and then ultimately left in the second half after suffering another injury,[27],edo9xau,0,0,0,0,0,1,10,0,20
"You say 'A single MP' as if it's not that big of a deal. In my humble opinion, that's still probably one too many...",[27],eeyd4f8,0,0,0,0,0,1,5,0,20
Anyone considering bed - we all knew coming in that AO means two weeks of no sleep. Persist!,[27],eefmrpm,0,0,0,0,0,1,5,0,20
i did not and i would have voiced my opposition at the meeting if i had.,[27],edb9r8i,0,0,0,0,0,1,0,0,20
"If we weren't going to sign an outfielder or [NAME] for some reason, we should have just signed [NAME]. ",[27],edec3kt,0,0,0,0,0,1,20,0,20
"Seriously, someone out there has to love this dumpster fire TV show enough to edit some videos",[18],ef4pa5w,0,0,0,0,0,0,0,0,20
Then just tell him to stop it if you don't like it.,"[5, 27]",edlj2ki,0,0,0,0,0,1,5,0,20
High five to that shit. We have 2 littles.....we are also exhausted lol,[1],eew59hc,0,0,0,0,0,0,10,0,20
Baby cake!,[13],ef0xsro,0,0,0,0,0,0,5,0,20
She was! Her â€œBreatheâ€ was phenomenal.,[0],ee6lpng,0,0,0,0,0,0,5,0,20
Vanillas dope tho,[27],effba6z,0,0,0,0,0,1,0,0,20
"This what happens when you run a lineup that includes a cold Galloway, GRIII, and Brown",[27],efbcibl,0,0,0,0,0,1,15,0,20
How is 5th starter not a question?,[7],eeyrsf5,0,0,0,0,0,0,5,6,22
Just woke up and bull run already started.. loving the ðŸ’© show,[18],eefm2b4,0,0,0,0,0,0,0,0,20
You dont need elected officials to have power when you have the people on your side.,[10],eduimxm,0,0,0,0,0,0,10,0,20
I wish I could give it to you. I've always had negative comments.,[8],eesk255,0,0,0,0,0,0,15,0,20
If Spider-Man 2 is a â€œfailed movieâ€ then so is The Dark Knight and all the LOTR movies.,[27],ed7i07m,0,0,0,0,0,1,10,0,20
This didnâ€™t age well,[10],eehxsno,0,0,0,0,0,0,0,0,20
"""Out of all the people that lost, you came first in that group. You're the biggest loser""",[27],ee7xkx2,0,0,0,0,0,1,10,0,20
"Theyâ€™re speaking Spanish and the character is racist, making the experience terrifying",[27],efg5nur,0,0,0,0,0,1,0,0,20
"I'm tall but no one is attracted to me, because I'm ugly, I have a big nose and ears.",[12],efg6uzp,0,0,0,0,0,0,15,0,20
"I will be definitely doing this now. We have a meeting next week, so I will be sure to bring this up. Thanks!","[4, 15]",edtj7oa,0,0,0,1,1,0,15,0,32
"As a Bears fan, I'd have preferred them to not have it and for it to not even exist because none of it ever happened.",[27],edhetjh,0,0,0,0,0,1,0,0,20
The Blackweb screen protectors have saved my phone more times than I can count.,[15],edgd8ab,0,0,0,1,0,0,0,0,20
It would take something extraordinary for me to turn down a 20% raise.,[22],ed62z5h,0,0,0,0,0,0,0,0,20
"I'm curious, because this reminds me of where I used to go to school: What town is it?",[7],ee0vo4y,0,0,0,0,0,0,5,6,22
"""We lost good people on both sides""",[25],ed3ck2o,0,0,0,0,0,0,0,0,20
Small btc withdrawals are slowly happening. Really curious to know if any large btc withdrawals have been successful.,[7],ee73l9h,0,0,0,0,0,0,0,0,20
Phew. We can safely disregard anything he says then. I thought he might be talking about another EU referendum. Cheers!,[27],edp891y,0,0,0,0,0,1,5,0,20
"Okay idiot, well it seems right wingers can't tell the difference between strawman and reality then. Thanks for confirming it douchebag. ","[3, 15, 22]",ef3dc3v,0,1,0,1,0,0,20,0,32
Well call it aesthetics or whatever but the game hasn't made a jump graphical wise and animation wise in a long time.,[27],ee8lf94,0,0,0,0,0,1,10,0,20
I'm puzzled,"[6, 26]",eeqljyp,0,0,1,0,0,0,0,0,20
"Yes, they suck for making a profit off of people who are proven to be high risk. How dare they!",[2],ed67y07,1,0,0,0,0,0,5,0,20
"Who the fuck reads news *papers* anymore? Baby boomers. This kind of crap is totally written by a ""journalist"" in need of a safe place.",[2],efc3qyp,1,0,0,0,0,0,5,6,22
Iâ€™d crap myself if that happened to me.,[27],ee7xaw2,0,0,0,0,0,1,0,0,20
That ice is dangerously thin for such a hot take.,[14],edhmved,0,0,0,0,0,0,0,0,20
"congrats, [NAME]. you played yourself","[0, 15]",ee6t2qg,0,0,0,1,0,0,15,0,20
[NAME] can still betabuxx and have an easier life than you will if you have to be alone and support yourself with no help.,"[5, 27]",edp5nrn,0,0,0,0,0,1,20,0,20
Wow now I know there's a twist. Why even watch it?,[26],eet1cz5,0,0,0,0,0,0,5,6,22
"Both [NAME] and [NAME] were broken up, so it wasnt cheating.",[25],eeh0npa,0,0,0,0,0,0,20,0,20
"Not sure what the point is, apart from illustrating the similarity of ordinary people throughout the world. The interviewee is a fairly normal ignorant bigot.",[27],edvsk3g,0,0,0,0,0,1,10,0,32
They can't even really articulate what has been so bad since [NAME] took office.,[12],edry16j,0,0,0,0,0,0,10,0,20
He thought that was a good idea...,[27],efb0nil,0,0,0,0,0,1,0,0,20
bigot /ËˆbÉªÉ¡É™t/ noun a person who is intolerant towards those holding different opinions.,[27],edgz5d6,0,0,0,0,0,1,0,0,20
She likes her dogs despite this incident. But thanks for your input Mr. [NAME].,"[15, 18]",ed35qgo,0,0,0,1,0,0,10,0,32
Was that bottom caption really necessary?,[27],edovp4f,0,0,0,0,0,1,5,6,22
That only works for the ironclad,[27],eesn3zl,0,0,0,0,0,1,0,0,20
she looks so happy and well rested,[17],eecgm4j,0,0,0,0,0,0,0,0,20
Who ever said [NAME] was the true pope.,[27],eentwyc,0,0,0,0,0,1,10,0,20
I believe this is called Darwinism - the suicide by Tide pods anyways. The murder part with the blindfolds is just tragic.,[4],educ5x4,0,0,0,0,1,0,0,0,20
I'm not confident in [NAME] but he may be the best option...,[6],edn7d7w,0,0,1,0,0,0,10,0,20
Itâ€™s good to be in good relations with other gms. The bulls basically did the rockets a favor. We got money and build rapport.,[27],eenkb4j,0,0,0,0,0,1,0,0,20
Oh fuck off already.,[2],ee5ivii,1,0,0,0,0,0,0,0,20
I would love to hear [NAME] and [NAME] in Podcast,[18],edmaegt,0,0,0,0,0,0,20,0,20
Who is brainwashing people to believe it's all a social construct ? It's really frightening that it's become so mainstream.,"[3, 7]",ef92j8c,0,1,0,0,0,0,5,6,22
but that's what covers are for. They show the title and sometimes a relevant image so you quickly know the contents.,[27],ed87zrx,0,0,0,0,0,1,5,0,20
"I would give r/momforaminute a visit, the people over there are fantastic and I think they can give you some comfort ",[0],edxpg4w,0,0,0,0,0,0,0,0,20
I like it when a girl's nails are done. Nothing over the top long but I love french tips. Plus they're great for back scratches.,"[0, 18]",eeq5ioa,0,0,0,0,0,0,15,0,20
Ah it's the old one. First I can remember! Of course not the first. Or the last. Hard to keep track at times...,[6],efcal1d,0,0,1,0,0,0,5,0,20
Was antisemitic rhetoric a problem in Nazi Germany? You're saying this question is the same as cheese tasting purple?,[27],efavbv3,0,0,0,0,0,1,15,12,24
Well now I have [NAME] in my head for the morning! Love a bit of Northern soul.,[18],ed2fvlg,0,0,0,0,0,0,15,0,20
OMG my [NAME] hates it too but she does it to me all the time,[3],ed860fu,0,1,0,0,0,0,10,0,20
Itâ€™s funny u should go check it out,[1],efdocj4,0,0,0,0,0,0,5,0,20
can't wait to catch me one of them suckers,"[7, 13]",edbzwzj,0,0,0,0,0,0,0,0,20
"Thank you, really. I always thought so, but itâ€™s nice when other people see it too.",[15],ef2b4tm,0,0,0,1,0,0,15,0,32
"I like the head bounce. He can ask the concussion to hold his beer, it will be strong...",[18],ef6rre5,0,0,0,0,0,0,0,0,20
Alright cool thanks for the tip - I'll give it a try!,[15],efd5o9q,0,0,0,1,0,0,5,0,32
"Found the guy who has no idea what's going on! Downvote me all you want, you'll never take my memes!",[27],eedodvt,0,0,0,0,0,1,35,0,20
You know Iâ€™ve always wondered what this song was about. Thank you.,[15],ef1ayvn,0,0,0,1,0,0,20,0,32
"that's weird, I thought we already had too many outfielders? edit: this was a joke.",[6],een9jy5,0,0,1,0,0,0,25,6,22
Yeeesss...... let the anger flow through you...,[2],edzw2ef,1,0,0,0,0,0,5,0,20
Yeah probably. But the thought of [NAME] and [NAME] installing democracies instead of authoritarian dictatorships is utter nonsense.,[10],eevgvnx,0,0,0,0,0,0,20,0,20
"35k? That's just crazy. Mine was less than 2k, and that includes the wedding dress.","[7, 26]",ediobaw,0,0,0,0,0,0,25,6,22
>pack of sick What does that mean?,[27],ef74ul7,0,0,0,0,0,1,5,6,22
Is it because of the huge black spider above it?!? That bugs me more than it being off center...,[27],ed52mz9,0,0,0,0,0,1,15,12,24
But it does? Admittedly it does take a couple days and a few friendly reminders,[7],edfp9wo,0,0,0,0,0,0,5,6,22
"All. I too, am drunk, and will be enjoying half price burgers at Whitlow's once my appetite kicks in. ",[17],eemx04q,0,0,0,0,0,0,0,0,20
Oh good lord what did I create,[6],efecwl0,0,0,1,0,0,0,0,0,20
"Tie em up and shoot em in the head, gets a real bad guy vibe flowing lol",[27],edr04fr,0,0,0,0,0,1,10,0,20
ðŸ¤·ðŸ»â€â™€ï¸ As a wise man once said: he was a bastard in life thus a bastard in death ,"[2, 3]",ed8swrf,1,1,0,0,0,0,0,0,20
"[NAME], she really is my least favorite queen I drag race history. Boring, try-hard, and busted makeup.",[9],edaq83k,0,0,0,0,0,0,10,0,20
I guess if you haven't been on the sub for a while you don't understand that boycott was synonymous with incels and the alt-right,[27],ed4x0fr,0,0,0,0,0,1,5,24,20
"Nashville as a whole is easily one of the most classist, racist, judgemental, prejudiced cities I've set foot in. ",[2],edzijx0,1,0,0,0,0,0,0,0,20
"As a high libido female, I feel the same with posts from males. It's slightly relieving to know someone else struggles the same way.",[23],eeqinmh,0,0,0,0,0,0,0,0,28
"Well, that's just a distraction for the color of your resume.",[27],eecqmza,0,0,0,0,0,1,0,0,20
For some people its about not wanting to look cheap.,[27],ee6mgyj,0,0,0,0,0,1,0,0,20
"Well shit, then it's just like [NAME] wouldn't let me complete a maths degree just because I'm ideologically opposed to this 'algebra' thing!",[4],edzd6xv,0,0,0,0,1,0,15,0,20
Well that is just absurd,[27],ee6vdkm,0,0,0,0,0,1,0,0,20
Good [NAME] we look horrible,[11],eehtrn2,0,0,0,0,0,0,10,0,20
Holy shit! No way in hell I'd get that close to DFW in a Cessna!,[26],eeizsn7,0,0,0,0,0,0,10,0,20
Iâ€™ve been dreaming in rdr2 several nights. Not a bad thing though. I must have a lot to process,[27],ef4cd6e,0,0,0,0,0,1,0,0,20
"Tool fan from the U.S. here. Something seems off about this question. Cheers, mate!",[17],edoc46b,0,0,0,0,0,0,10,0,20
McRibs are back on the menu but not in the Washington DC metro area.,[27],edjes33,0,0,0,0,0,1,0,0,20
I actually listened to the entire joke... and I read the press release from the CHRT. How about you?,[7],eec7ymh,0,0,0,0,0,0,15,6,22
Keep [NAME] and get [NAME]. Will have to give up a big.,[27],ef6mqlq,0,0,0,0,0,1,20,0,20
NIKE NIKE NIKE NIKE NIKE NIKE NIKE NIKE NIKE Those leggings lmao,"[1, 2]",edewzg2,1,0,0,0,0,0,40,0,20
Good job. :),[0],eedwo16,0,0,0,0,0,0,0,0,20
"Yo, we doink'n in here?",[7],edfnvcd,0,0,0,0,0,0,5,6,22
These look like flat rats. : /,[27],edm874d,0,0,0,0,0,1,0,0,20
Yeah I laughed when I remembered it. Random.,"[1, 22]",edwxmmz,0,0,0,0,0,0,0,0,20
This is the hardest I laughed in weeks,[1],ed9cfbb,0,0,0,0,0,0,0,0,20
I meant the first part. The second part was uncalled for.,[27],eezlppx,0,0,0,0,0,1,0,0,20
"Wow....thank you...you just ""woke"" me up :) ",[15],ed5sl58,0,0,0,1,0,0,10,36,32
"Sorry, no. Weâ€™re just going to export [NAME] to you guys. ",[24],eemen13,0,0,0,0,0,0,15,0,20
look at that gym! Id kill to have one with such a nice view,"[0, 8]",efg517o,0,0,0,0,0,0,5,0,20
whachu mean? I dont understand what being turkish does to ones character,[6],efg6fdv,0,0,1,0,0,0,5,6,22
Could Unity not sue the author for giving instructions on how to illegally obtain their product?,"[6, 7]",ef8v87y,0,0,1,0,0,0,5,6,22
"Higher ranking officer? Also, I'm curious, do MP have authority in scenarios like this?",[7],ednt7ll,0,0,0,0,0,0,10,12,24
Wow. It looks really good!,[0],ee209hz,0,0,0,0,0,0,5,0,20
I hope she figures out he isnâ€™t before anything happens. The entitlement herre is just over the roof,[20],eeu3j2k,0,0,0,0,0,0,0,12,20
"I completely agree, and I love Space Jame. But Back in Action was just amazing and incredibly satirical and witty.","[0, 18]",ef8c37x,0,0,0,0,0,0,0,0,20
> traffic through there in the summer is awful because thatâ€™s where everyone wants to be. your life starts to revolve around bridge time.,[11],eevem07,0,0,0,0,0,0,15,0,20
I liked the slug :(,[18],edrft0b,0,0,0,0,0,0,0,0,20
The fact that her pillows are brown is way more disturbing to me,[3],eff2jqr,0,1,0,0,0,0,0,0,20
Their sounds of silence cover is very good,[0],eepjlfz,0,0,0,0,0,0,0,0,20
I don't even wear a shirt in the day around the house. Way too hot.,[3],eeoaxq2,0,1,0,0,0,0,0,0,20
Sorry he was a United director when he bought it.,[27],eegytw8,0,0,0,0,0,1,0,0,20
Now all Iâ€™m imaging is [NAME] casted in the American pie movies as [NAME]. Thank you for this memory.,[15],efberue,0,0,0,1,0,0,20,0,32
Chocolate hazelnut croissants were the bomb!,[13],ee3aw0f,0,0,0,0,0,0,5,0,20
Very surprised he didn't frog leap at the guy the close the distance,[26],ed8jdcf,0,0,0,0,0,0,0,0,20
When I drove refers I was always afraid this would happen to me. I always shut my doors I'm just a worrier,[14],eepmbs2,0,0,0,0,0,0,15,0,20
"As far as I know, she offered quick snack to all of them, just out of obligation and two of them accepted that.",[27],ee54r3l,0,0,0,0,0,1,0,0,20
Can we just take a minute to appreciate the thigh. So delicious and so cheap.,"[0, 4]",edmji2s,0,0,0,0,1,0,0,0,20
Thereâ€™s no room for subtleties. This is a consensual nation.,[27],edtuo5t,0,0,0,0,0,1,0,0,20
I still hated the system though. I felt penalized for using anything that wasn't the power beam the entire game.,[2],eexvmnv,1,0,0,0,0,0,0,0,28
I like the earthquake that occurs after she falls. Glad the cameraman got that on video.,[17],eejdbje,0,0,0,0,0,0,0,0,20
"Appreciate the reply, I'll look into these. Thank you!",[15],eedtt0o,0,0,0,1,0,0,5,0,32
banned from the show floor - second sentence. Itâ€™s in all the sources Iâ€™ve come across.,[27],edyfweh,0,0,0,0,0,1,0,0,20
"I have, I've always wanted to celebrate Christmas and actually have a more closer family",[8],eeptd0i,0,0,0,0,0,0,15,0,20
Nah them mom wanted to see a lady strip for her and her daughter,[27],ef394py,0,0,0,0,0,1,0,0,20
I'm always happy to have you in my box.,[17],eemkugc,0,0,0,0,0,0,15,0,20
"I don't think abortion is murder, but it's factually way less easy to disprove than the earth being flat.",[27],edpx03t,0,0,0,0,0,1,0,0,20
Japan is awesome.,[0],edcbluz,0,0,0,0,0,0,0,0,20
I will take it... for free of course /s,[27],eex268k,0,0,0,0,0,1,0,0,20
[NAME] didn't finish the LPs!? Wow. I am in episode 20 something and was expecting him to finish :(,[26],eemrwye,0,0,0,0,0,0,20,6,22
The worst thing about this tweet is how many likes and retweets it got,[3],ee4geym,0,1,0,0,0,0,0,0,20
Youve got a plant in me,[27],ed00ry1,0,0,0,0,0,1,0,0,20
"Hopefully this loss rejuvenated him. Im a conor fan, and even though I like khabib as well I admire some of his older philosophies ",[0],eeyzeow,0,0,0,0,0,0,0,0,20
Thank you new best friend.,[15],eeem0lh,0,0,0,1,0,0,5,0,32
Now that Iâ€™ll need to see some evidence for.,[27],ed9kedn,0,0,0,0,0,1,0,0,20
If i remember I drank the rest of the liquor my friends and I were sharing then blacked out,[22],edfng7n,0,0,0,0,0,0,0,0,20
DONT RUIN THIS FOR ME,[27],ee1xhzw,0,0,0,0,0,1,30,0,20
Bet China makes a huge profit from transplant-tourism.,[27],ef5wu92,0,0,0,0,0,1,0,0,20
My contribution for that wonderful,[0],edhuw8j,0,0,0,0,0,0,0,0,20
I don't know,[27],ed98qh1,0,0,0,0,0,1,0,0,20
Honestly I don't care if they're faked. It's an original concept that I find pretty funny,[1],eczu1m6,0,0,0,0,0,0,0,0,20
Yeah a lot of people are missing that lol,"[1, 22]",edlbof2,0,0,0,0,0,0,10,0,20
Sorry actually [NAME] runs this one. [NAME] runs the daily wire. Also I didnâ€™t see anywhere in there where she said that,[24],eeeaxb3,0,0,0,0,0,0,20,0,20
[NAME] because hes best survivor,"[0, 27]",eebes3n,0,0,0,0,0,1,10,0,20
So hit Seek and Indeed.,[27],eebvyqr,0,0,0,0,0,1,0,0,20
"we have a ""righty"" complaining about ""lefties"" making up BS, while they make up BS... sad.",[25],edw419k,0,0,0,0,0,0,0,0,20
I WaS KIddInG i loVE U lOLlOL,"[1, 18]",eeok247,0,0,0,0,0,0,0,0,20
This face will not age well.,[10],edr23d4,0,0,0,0,0,0,0,0,20
I was drug tested when I went to otc dm. And that was 2 years ago. They also did another background check.,[27],eeyhbz0,0,0,0,0,0,1,0,0,20
They did the Unreal Engine store in the same way. I'm not surprised.,[27],edwkv5i,0,0,0,0,0,1,0,0,20
"Great concept but, there is going to be a Danganrompa 4",[0],eebprli,0,0,0,0,0,0,0,0,20
He should get some help from [NAME],[27],eeesb48,0,0,0,0,0,1,10,0,20
by the time I found it was a delay it was too late to go back to bed but I didn't have enough time to do anything fun,[10],eev464g,0,0,0,0,0,0,0,0,20
"The sad thing is, relatively speaking these are actually pretty good living conditions. Check out Harris Ranch.","[0, 25]",ee7mjjt,0,0,0,0,0,0,0,0,20
"[NAME]. No wife, no child, and felt lonely enough to ask the [NAME] for a clone of himself he then raised as his son.",[27],ef0kvjx,0,0,0,0,0,1,20,0,20
"Count it yourself, you're more off than the original post. [NAME] shot her 9 times.",[27],ee9krz3,0,0,0,0,0,1,15,0,20
[NAME] is honestly really badass and he has a great design I hope they give him something good to do in 11,"[0, 20]",ee3rjta,0,0,0,0,0,0,10,0,20
Not all. [NAME] is cool. If he ever runs again in the primaries he will get my vote.,[4],edw2p8t,0,0,0,0,1,0,10,12,20
I live an hour from one but was afraid of driving all the way there and them telling me that I have to order one.,[14],edr9ngo,0,0,0,0,0,0,0,0,20
She started off with 'can't give it up that easily' Op is stuck with her until one of them have expired!!,[27],ee7jsrm,0,0,0,0,0,1,10,0,20
He was forced into this marriage,[10],edwgset,0,0,0,0,0,0,0,0,20
*price hike for [NAME] only. I dropped Netflix last month because of it.,[9],edpeq5u,0,0,0,0,0,0,10,0,20
"Weird, just got back from the one on Grand 45 min ago and I got in and out no problem. ",[27],edrlg18,0,0,0,0,0,1,20,0,20
Lol well now you have even more in common! So happy to help and hope you can smile a bit before you zzzzzzz. :-),"[1, 17]",edosrt8,0,0,0,0,0,0,30,12,5
"Okay *yes* but they say ""white people"" and not ""white men"".",[27],educgaw,0,0,0,0,0,1,0,0,20
"To be honest, I have complete sympathy for this woman and she needs help, not prison. ","[4, 5]",edwyul2,0,0,0,0,1,0,0,0,20
That was because he played nearly a third of the year in CF.,[27],efgf3j2,0,0,0,0,0,1,0,0,20
yeah dude I love my 9(???) with the welded bump stock,[18],efavqq3,0,0,0,0,0,0,10,12,24
"Huh, I was just wondering if something like this existed. I'm working in food manafacturing an this would be epic.","[13, 26]",efev37d,0,0,0,0,0,0,0,0,20
You absolutely dodged a bullet. You can be sad about it because it sucks to be broken up with but you def dodged a bullet.,[27],ef7hxke,0,0,0,0,0,1,15,0,5
"sometimes it feels like a lot of characters are like that, but only when I fight them",[27],eepvwkn,0,0,0,0,0,1,0,0,20
"Eh, its up to you.. but Im not buying your girlscout cookies just because some of the troop drowned.",[27],ef4uslb,0,0,0,0,0,1,0,0,20
I think the best way to communicate that youâ€™re not sure is not saying anything about it,[27],ef3sdix,0,0,0,0,0,1,10,0,20
"Land of free, home of the brave, everyone. ",[27],eeskrru,0,0,0,0,0,1,15,0,20
Not even getting my hopes up at all. Story of our life- Padres fan.,[10],eeh2gga,0,0,0,0,0,0,0,0,20
"Thanks, bud!",[15],ef4zpzf,0,0,0,1,0,0,5,0,32
>They split up 5 years later after an extremely messy situation with Dr [NAME]. Very very long story. I would like to hear this story,[7],edbf4zs,0,0,0,0,0,0,10,0,20
Keep dreaming. He isn't coming to this black hole of an organization.,[10],eeer06q,0,0,0,0,0,0,0,0,20
Blocked in us,[27],efg1l51,0,0,0,0,0,1,0,0,20
"Other than some wacky pick up orders, the dine-in customers are very sweet at my place. Itâ€™s a good thing :)",[17],eeuoqxz,0,0,0,0,0,0,0,0,20
I think they're getting desperate from all of us cord cutters converting everyone to Hulu.,[27],ef7y1w9,0,0,0,0,0,1,15,0,20
"Because it was a cool video it was sweet, and because it was a fash it was bitter. Simple as that.",[0],edijp1e,0,0,0,0,0,0,0,0,20
If they really were silk that would at least be something.,[27],edvku5e,0,0,0,0,0,1,0,0,20
How the hell do you get downvoted for a submission statement on /r/TrueReddit. Title or not it is still required.,[3],eep6exv,0,1,0,0,0,0,5,0,20
Well that sucks lmao,"[1, 2]",ed0mwzs,1,0,0,0,0,0,10,0,20
So weâ€™re reposting stolen jokes now... cool,[1],edkc8qs,0,0,0,0,0,0,0,0,20
OK. That is really weird.,[4],ee2z2gl,0,0,0,0,1,0,20,0,20
"Lol, get em Corsi! ",[1],eep5xry,0,0,0,0,0,0,15,0,20
"That may work in General, but I think thereâ€™d still be problems. ","[6, 27]",ed07pl6,0,0,1,0,0,1,0,0,20
That'll be a testical festival for sure. Have fun.,"[1, 17]",eeak3wk,0,0,0,0,0,0,10,0,20
Don't forget the fort camper.,"[5, 27]",ef25a1l,0,0,0,0,0,1,0,0,20
my computer is a potato but im just curious how do i check for memory leaks on a mac? i lag on a lot of games,"[7, 27]",eebhuca,0,0,0,0,0,1,5,6,22
I wish that show would come back,[8],ee3szn2,0,0,0,0,0,0,0,0,20
Theyâ€™re more and more surprised every week when this is reposted.,"[13, 26]",edal6ac,0,0,0,0,0,0,0,0,20
"More like 11 feet up, but still painful. ",[25],eeh9q4f,0,0,0,0,0,0,0,0,20
This is about as close as I can get to singing IRL. It's fun.,[17],ed2p8pq,0,0,0,0,0,0,0,0,20
"Thanks, ive been thibking about telling the school principal, maybe itll help",[15],ef5ehe8,0,0,0,1,0,0,0,0,32
[NAME] ruined religion. Itâ€™s the only good thing theyâ€™ve done.,"[0, 4]",ee7zs49,0,0,0,0,1,0,10,0,20
"I am happy to receive constructive advice. If someone is short, or not constructive, I will react to it.",[17],ed8cx3d,0,0,0,0,0,0,0,0,20
*thinks about all of those hours on GTA* [chuckles] Iâ€™m in danger,[27],ee60mbb,0,0,0,0,0,1,0,0,20
Needed that. A [NAME] ridiculous play is a game changer,[4],eekz9em,0,0,0,0,1,0,10,0,20
"Great story, but I'm on PC and didn't get a chance to play ;c.","[0, 9]",eeqkfui,0,0,0,0,0,0,0,0,20
Confronting people with footage from slaughter houses is a horrible thing to do in my opinion.,[3],ed02kga,0,1,0,0,0,0,0,0,20
"[NAME], [NAME], [NAME], [NAME] and one of [NAME] or [NAME]. But Iâ€™m pretty sure all of [NAME] is under contract forever if that matters",[27],eel5qfq,0,0,0,0,0,1,40,0,20
You're not. OP just couldn't follow some of the simplest rules on reddit.,[10],eegh4re,0,0,0,0,0,0,5,0,20
Fock I cant breathe.,[3],edlypwi,0,1,0,0,0,0,0,0,20
He was trying to move the gun away so that it wouldn't hurt anyone!!!!.,[5],ed71eue,0,0,0,0,0,0,10,0,20
I think they could have asked harder ones but this gave me a better feeling of the future.,[27],ees45j2,0,0,0,0,0,1,0,0,20
I wish people like this would die in massive flaming wrecks,[8],ee2q75e,0,0,0,0,0,0,0,0,20
r/iamatotalpieceofshit call the police for destruction of private property gg ez clapz,[27],ef77vkw,0,0,0,0,0,1,0,0,20
We won't. If Ireland do they'll be violating the GFA.,[10],eepedcq,0,0,0,0,0,0,0,0,20
You gotta know [NAME] is willing to pull the trigger on you at any moment if it means he can fleece another gm.,[27],efazz7y,0,0,0,0,0,1,20,0,20
"Picturing you sneezing and banging your head made me laugh so hard! THAT'S WHAT YOU GET! Now, pipe down.",[1],eezu6jv,0,0,0,0,0,0,40,0,20
"There's no doubt that [NAME] is entitled, but I don't think she's evil like [NAME]! ",[27],eek5knx,0,0,0,0,0,1,25,0,20
